{
  "roc_auc": 0.9512987012987013,
  "accuracy@0.5": 0.8688524590163934,
  "f1@0.5": 0.8666666666666667,
  "recall@0.5": 0.9285714285714286,
  "precision@0.5": 0.8125,
  "brier": 0.09184452344406326,
  "confusion@0.5": {
    "tn": 27,
    "fp": 6,
    "fn": 2,
    "tp": 26
  },
  "rows": 303,
  "cols": 14,
  "dataset": "data\\cleveland.csv"
}