{
  "roc_auc": 0.7666666666666667,
  "accuracy@0.5": 0.775,
  "f1@0.5": 0.8656716417910447,
  "recall@0.5": 0.9666666666666667,
  "precision@0.5": 0.7837837837837838,
  "brier": 0.14743228237360842,
  "confusion@0.5": {
    "tn": 2,
    "fp": 8,
    "fn": 1,
    "tp": 29
  },
  "rows": 200,
  "cols": 14,
  "dataset": "data\\va.csv"
}