{
  "roc_auc": 0.8939502630320421,
  "accuracy@0.5": 0.8260869565217391,
  "f1@0.5": 0.8431372549019608,
  "recall@0.5": 0.8431372549019608,
  "precision@0.5": 0.8431372549019608,
  "brier": 0.12563931724742022,
  "confusion@0.5": {
    "tn": 66,
    "fp": 16,
    "fn": 16,
    "tp": 86
  },
  "rows": 920,
  "cols": 14,
  "dataset": "data\\merged.csv"
}