{
  "roc_auc": 0.5217391304347826,
  "accuracy@0.5": 0.92,
  "f1@0.5": 0.9583333333333334,
  "recall@0.5": 1.0,
  "precision@0.5": 0.92,
  "brier": 0.07972437239770377,
  "confusion@0.5": {
    "tn": 0,
    "fp": 2,
    "fn": 0,
    "tp": 23
  },
  "rows": 123,
  "cols": 14,
  "dataset": "data\\switzerland.csv"
}