{
  "roc_auc": 0.95995670995671,
  "accuracy@0.5": 0.9016393442622951,
  "f1@0.5": 0.896551724137931,
  "recall@0.5": 0.9285714285714286,
  "precision@0.5": 0.8666666666666667,
  "brier": 0.08744547647668635,
  "confusion@0.5": {
    "tn": 29,
    "fp": 4,
    "fn": 2,
    "tp": 26
  },
  "rows": 303,
  "cols": 14,
  "dataset": "data\\cleveland.csv",
  "ensemble_best_model": "RF_cal"
}