{
  "roc_auc": 0.8847117794486214,
  "accuracy@0.5": 0.8305084745762712,
  "f1@0.5": 0.75,
  "recall@0.5": 0.7142857142857143,
  "precision@0.5": 0.7894736842105263,
  "brier": 0.10886774402234756,
  "confusion@0.5": {
    "tn": 34,
    "fp": 4,
    "fn": 6,
    "tp": 15
  },
  "rows": 294,
  "cols": 14,
  "dataset": "data\\hungarian.csv"
}